Stone & Wood,Pacific Ale Bottles 330mL,Beer,2022-03-31,24.49,13255
James Squire,One Fifty Lashes Pale Ale Bottles 345mL,Beer,2022-03-31,22.99,9300
Little Creatures,Pale Ale Bottles 330mL,Beer,2022-03-31,21.95,13645
Balter,XPA Cans 375mL,Beer,2022-03-31,18.99,14909
Mountain Goat,Very Enjoyable Beer Cans 375mL,Beer,2022-03-31,18.99,13431
Furphy,Refreshing Ale Bottles 375mL,Beer,2022-03-31,20.99,17060
Burleigh,Big Head No Carb Beer 330mL,Beer,2022-03-31,21.95,6173
Young Henrys,Newtowner Pale Ale Cans 375mL,Beer,2022-03-31,21.45,8112
Gage Roads,Single Fin Summer Ale Bottles 330mL,Beer,2022-03-31,19.95,14007
4 Pines,Pale Ale Bottles 330mL,Beer,2022-03-31,19.95,19028
Yak Brewing,Fat Yak Original Pale Ale Bottle 345mL,Beer,2022-03-31,18.99,6422
Balter,Captain Sensible Cans 375mL,Beer,2022-03-31,14.95,6009
Yak Brewing,Wild Yak Pacific Ale Bottle 6 x 345mL,Beer,2022-03-31,18.99,10120
Better Beer,Zero Carb Lager Bottle 330ml,Beer,2022-03-31,19.99,13972
BentSpoke Brewing Co.,Crankshaft IPA Cans 375mL,Beer,2022-03-31,20.99,19516
Stone & Wood,Pacific Ale Cans 375mL,Beer,2022-03-31,18.99,13229
Balter,Hazy IPA Cans 375mL,Beer,2022-03-31,21.49,13028
4 Pines,Pacific Ale Bottles 330mL,Beer,2022-03-31,18.99,13009
Pirate Life Brewing,South Coast Pale Ale Cans 355mL,Beer,2022-03-31,18.99,6971
Mountain Goat,Fancy Pants Amber Ale Cans 375mL,Beer,2022-03-31,23.39,10933
White Rabbit,Dark Ale 330mL,Beer,2022-03-31,26.49,14207
Coopers,XPA Cans 375mL,Beer,2022-03-31,23.99,13687
Coopers,Pacific Pale Ale 375mL,Beer,2022-03-31,21.49,20260
Kaiju,Krush Tropical Pale Ale Cans 375mL,Beer,2022-03-31,24.99,21265
James Squire,Broken Shackles Lager Bottles 345mL,Beer,2022-03-31,24.99,6690
Kosciuszko,Pale Ale 330mL,Beer,2022-03-31,23.99,6662
Mountain Goat,Summer Ale Cans 375mL,Beer,2022-03-31,19.99,14180
Young Henrys,Natural Lager Can 375mL,Beer,2022-03-31,21.49,17942
Balter,Eazy Hazy Can 375mL,Beer,2022-03-31,15.99,5187
Stone & Wood,Pacific Ale Bottles 330mL,Beer,2022-06-31,24.49,18627
James Squire,One Fifty Lashes Pale Ale Bottles 345mL,Beer,2022-06-31,22.99,12738
Little Creatures,Pale Ale Bottles 330mL,Beer,2022-06-31,21.95,8224
Balter,XPA Cans 375mL,Beer,2022-06-31,18.99,14849
Mountain Goat,Very Enjoyable Beer Cans 375mL,Beer,2022-06-31,18.99,5994
Furphy,Refreshing Ale Bottles 375mL,Beer,2022-06-31,20.99,9292
Burleigh,Big Head No Carb Beer 330mL,Beer,2022-06-31,21.95,9302
Young Henrys,Newtowner Pale Ale Cans 375mL,Beer,2022-06-31,21.45,15760
Gage Roads,Single Fin Summer Ale Bottles 330mL,Beer,2022-06-31,19.95,17810
4 Pines,Pale Ale Bottles 330mL,Beer,2022-06-31,19.95,19335
Yak Brewing,Fat Yak Original Pale Ale Bottle 345mL,Beer,2022-06-31,18.99,11559
Balter,Captain Sensible Cans 375mL,Beer,2022-06-31,14.95,18377
Yak Brewing,Wild Yak Pacific Ale Bottle 6 x 345mL,Beer,2022-06-31,18.99,12513
Better Beer,Zero Carb Lager Bottle 330ml,Beer,2022-06-31,19.99,5215
BentSpoke Brewing Co.,Crankshaft IPA Cans 375mL,Beer,2022-06-31,20.99,19276
Stone & Wood,Pacific Ale Cans 375mL,Beer,2022-06-31,18.99,19164
Balter,Hazy IPA Cans 375mL,Beer,2022-06-31,21.49,19457
4 Pines,Pacific Ale Bottles 330mL,Beer,2022-06-31,18.99,17474
Pirate Life Brewing,South Coast Pale Ale Cans 355mL,Beer,2022-06-31,18.99,5066
Mountain Goat,Fancy Pants Amber Ale Cans 375mL,Beer,2022-06-31,23.39,10618
White Rabbit,Dark Ale 330mL,Beer,2022-06-31,26.49,18543
Coopers,XPA Cans 375mL,Beer,2022-06-31,23.99,8224
Coopers,Pacific Pale Ale 375mL,Beer,2022-06-31,21.49,8764
Kaiju,Krush Tropical Pale Ale Cans 375mL,Beer,2022-06-31,24.99,21725
James Squire,Broken Shackles Lager Bottles 345mL,Beer,2022-06-31,24.99,18940
Kosciuszko,Pale Ale 330mL,Beer,2022-06-31,23.99,6210
Mountain Goat,Summer Ale Cans 375mL,Beer,2022-06-31,19.99,5515
Young Henrys,Natural Lager Can 375mL,Beer,2022-06-31,21.49,10641
Balter,Eazy Hazy Can 375mL,Beer,2022-06-31,15.99,15616
Stone & Wood,Pacific Ale Bottles 330mL,Beer,2022-09-31,24.49,8739
James Squire,One Fifty Lashes Pale Ale Bottles 345mL,Beer,2022-09-31,22.99,9561
Little Creatures,Pale Ale Bottles 330mL,Beer,2022-09-31,21.95,15077
Balter,XPA Cans 375mL,Beer,2022-09-31,18.99,20330
Mountain Goat,Very Enjoyable Beer Cans 375mL,Beer,2022-09-31,18.99,6680
Furphy,Refreshing Ale Bottles 375mL,Beer,2022-09-31,20.99,7573
Burleigh,Big Head No Carb Beer 330mL,Beer,2022-09-31,21.95,9378
Young Henrys,Newtowner Pale Ale Cans 375mL,Beer,2022-09-31,21.45,8808
Gage Roads,Single Fin Summer Ale Bottles 330mL,Beer,2022-09-31,19.95,20109
4 Pines,Pale Ale Bottles 330mL,Beer,2022-09-31,19.95,9408
Yak Brewing,Fat Yak Original Pale Ale Bottle 345mL,Beer,2022-09-31,18.99,7828
Balter,Captain Sensible Cans 375mL,Beer,2022-09-31,14.95,13065
Yak Brewing,Wild Yak Pacific Ale Bottle 6 x 345mL,Beer,2022-09-31,18.99,9000
Better Beer,Zero Carb Lager Bottle 330ml,Beer,2022-09-31,19.99,10866
BentSpoke Brewing Co.,Crankshaft IPA Cans 375mL,Beer,2022-09-31,20.99,11043
Stone & Wood,Pacific Ale Cans 375mL,Beer,2022-09-31,18.99,17189
Balter,Hazy IPA Cans 375mL,Beer,2022-09-31,21.49,18558
4 Pines,Pacific Ale Bottles 330mL,Beer,2022-09-31,18.99,5334
Pirate Life Brewing,South Coast Pale Ale Cans 355mL,Beer,2022-09-31,18.99,20624
Mountain Goat,Fancy Pants Amber Ale Cans 375mL,Beer,2022-09-31,23.39,13519
White Rabbit,Dark Ale 330mL,Beer,2022-09-31,26.49,18388
Coopers,XPA Cans 375mL,Beer,2022-09-31,23.99,16260
Coopers,Pacific Pale Ale 375mL,Beer,2022-09-31,21.49,13422
Kaiju,Krush Tropical Pale Ale Cans 375mL,Beer,2022-09-31,24.99,10753
James Squire,Broken Shackles Lager Bottles 345mL,Beer,2022-09-31,24.99,15755
Kosciuszko,Pale Ale 330mL,Beer,2022-09-31,23.99,10962
Mountain Goat,Summer Ale Cans 375mL,Beer,2022-09-31,19.99,17878
Young Henrys,Natural Lager Can 375mL,Beer,2022-09-31,21.49,13473
Balter,Eazy Hazy Can 375mL,Beer,2022-09-31,15.99,17574
Stone & Wood,Pacific Ale Bottles 330mL,Beer,2022-12-31,24.49,8692
James Squire,One Fifty Lashes Pale Ale Bottles 345mL,Beer,2022-12-31,22.99,12900
Little Creatures,Pale Ale Bottles 330mL,Beer,2022-12-31,21.95,10505
Balter,XPA Cans 375mL,Beer,2022-12-31,18.99,6638
Mountain Goat,Very Enjoyable Beer Cans 375mL,Beer,2022-12-31,18.99,11752
Furphy,Refreshing Ale Bottles 375mL,Beer,2022-12-31,20.99,8638
Burleigh,Big Head No Carb Beer 330mL,Beer,2022-12-31,21.95,21774
Young Henrys,Newtowner Pale Ale Cans 375mL,Beer,2022-12-31,21.45,6793
Gage Roads,Single Fin Summer Ale Bottles 330mL,Beer,2022-12-31,19.95,16130
4 Pines,Pale Ale Bottles 330mL,Beer,2022-12-31,19.95,5358
Yak Brewing,Fat Yak Original Pale Ale Bottle 345mL,Beer,2022-12-31,18.99,21572
Balter,Captain Sensible Cans 375mL,Beer,2022-12-31,14.95,15460
Yak Brewing,Wild Yak Pacific Ale Bottle 6 x 345mL,Beer,2022-12-31,18.99,19393
Better Beer,Zero Carb Lager Bottle 330ml,Beer,2022-12-31,19.99,9332
BentSpoke Brewing Co.,Crankshaft IPA Cans 375mL,Beer,2022-12-31,20.99,15693
Stone & Wood,Pacific Ale Cans 375mL,Beer,2022-12-31,18.99,14911
Balter,Hazy IPA Cans 375mL,Beer,2022-12-31,21.49,15497
4 Pines,Pacific Ale Bottles 330mL,Beer,2022-12-31,18.99,9269
Pirate Life Brewing,South Coast Pale Ale Cans 355mL,Beer,2022-12-31,18.99,17497
Mountain Goat,Fancy Pants Amber Ale Cans 375mL,Beer,2022-12-31,23.39,8201
White Rabbit,Dark Ale 330mL,Beer,2022-12-31,26.49,6781
Coopers,XPA Cans 375mL,Beer,2022-12-31,23.99,7387
Coopers,Pacific Pale Ale 375mL,Beer,2022-12-31,21.49,13755
Kaiju,Krush Tropical Pale Ale Cans 375mL,Beer,2022-12-31,24.99,13491
James Squire,Broken Shackles Lager Bottles 345mL,Beer,2022-12-31,24.99,21644
Kosciuszko,Pale Ale 330mL,Beer,2022-12-31,23.99,5637
Mountain Goat,Summer Ale Cans 375mL,Beer,2022-12-31,19.99,11109
Young Henrys,Natural Lager Can 375mL,Beer,2022-12-31,21.49,21796
Balter,Eazy Hazy Can 375mL,Beer,2022-12-31,15.99,19314